Name,BodyweightKg,TotalKg,WeightClassKg,Federation,Date,MeetName
abdul majeed sulayman,104.4,900.0,105,IPF,2023-03-25,sheffield powerlifting championships
abdulla mohamed ahmeed mohamed,103.55,902.5,105,IPF,2023-06-11,world classic powerlifting championships
adam duane,82.05,737.5,83,IPF,2024-08-28,world junior and sub-juniors powerlifting championships
adam fulat,93.0,800.0,93,IPF,2022-09-23,arnold sports festival
adam jansson,82.6,780.0,83,IPF,2023-06-11,world classic powerlifting championships
adam jones #1,92.8,785.0,93,IPF,2023-06-11,world classic powerlifting championships
ade omisakin,73.75,723.0,74,EPF,2021-12-03,european classic powerlifting championships
ade omisakin,82.75,861.0,83,EPF,2024-09-13,western european powerlifting championships
ahmadreza babaahmadimilani,65.45,650.0,66,IPF,2022-06-06,world classic powerlifting championships
aiden roeder,92.25,760.0,93,IPF,2024-08-28,world junior and sub-juniors powerlifting championships
aimar kuusnõmm,82.5,727.5,83,EPF,2018-11-24,european classic powerlifting championships
aitor lapena gutierrez,103.95,792.5,105,IPF,2019-06-04,world classic powerlifting championships
akito hirayama,59.0,567.5,59,IPF,2024-08-28,world junior and sub-juniors powerlifting championships
alan baron,103.7,797.5,105,EPF,2024-09-13,western european powerlifting championships
alberto herraiz francés,65.22,617.5,66,IPF,2021-09-23,world classic powerlifting championships
alberto herraiz francés,73.8,715.0,74,EPF,2024-03-12,european open classic powerlifting championships
aleksandr usynin,92.98,760.0,93,IPF,2019-07-22,university powerlifting cup
aleksey kudryavtsev,118.55,887.5,120,IPF,2014-06-01,world classic powerlifting championships
alessandro messina,82.05,757.5,83,IPF,2024-06-15,world classic powerlifting championships
alex sydor,83.0,727.5,83,IPF,2023-08-27,world junior and sub-junior classic championships
alex-edward raus,104.6,852.5,105,IPF,2014-06-01,world classic powerlifting championships
alexander eriksson #1,65.55,687.5,66,IPF,2024-06-15,world classic powerlifting championships
alexander eriksson #1,73.5,740.0,74,IPF,2023-06-11,world classic powerlifting championships
alexander karpenko,92.25,757.5,93,IPF,2012-06-12,world classic powerlifting cup
alexander kolbin,58.62,602.5,59,IPF,2015-06-05,world classic powerlifting championships
alexander kolbin,65.41,640.0,66,IPF,2017-06-14,world classic powerlifting championships
alexander wei rui ang,92.0,772.5,93,IPF,2023-08-27,world junior and sub-junior classic championships
alexander örn kárason,92.84,780.0,93,EPF,2024-03-12,european open classic powerlifting championships
alexandr kuramshin,65.66,610.0,66,IPF,2015-06-05,world classic powerlifting championships
alexandre ouellet-hébert,92.7,780.0,93,IPF,2019-06-04,world classic powerlifting championships
alexei laurenz agabon,58.6,565.0,59,IPF,2024-08-28,world junior and sub-juniors powerlifting championships
alexey kuzmin,82.58,787.5,83,IPF,2017-06-14,world classic powerlifting championships
alexey zinurov,93.0,790.0,93,IPF,2021-09-23,world classic powerlifting championships
alfredo orsini,104.6,805.0,105,IPF,2024-06-15,world classic powerlifting championships
ali ben hadj ali,102.92,845.0,105,EPF,2017-03-12,european classic powerlifting championships
ali ben hadj ali,92.76,790.0,93,IPF,2016-06-19,world classic powerlifting championships
aliaksandr hrynkevich-sudnik,73.76,730.0,74,IPF,2016-06-19,world classic powerlifting championships
alireza rezaei,104.75,810.0,105,IPF,2023-06-11,world classic powerlifting championships
aloy iwunze,103.16,791.5,105,EPF,2024-03-01,european university cup
amandas paulauskas,118.75,907.5,120,EPF,2018-11-24,european classic powerlifting championships
amar kanane,92.65,832.5,93,IPF,2022-06-06,world classic powerlifting championships
anatolii novopismennyi,104.7,940.5,105,IPF,2024-06-15,world classic powerlifting championships
anatolii novopismennyi,92.95,853.5,93,EPF,2019-11-29,european classic powerlifting championships
anders broeten lillemoe,119.9,837.5,120,EPF,2023-12-04,european open classic powerlifting championships
anders nguyen,65.6,608.0,66,EPF,2023-10-10,european junior and sub-junior classic powerlifting championships
anderson de paula alcantara,65.67,600.5,66,IPF,2018-06-06,world classic powerlifting championships
andrea cicero,92.9,807.5,93,IPF,2024-06-15,world classic powerlifting championships
andrea orlandi #1,82.88,770.5,83,EPF,2023-10-10,european junior and sub-junior classic powerlifting championships
andrea salaris,65.7,605.0,66,IPF,2024-06-15,world classic powerlifting championships
andreas hjelmtveit,103.6,807.5,105,IPF,2014-06-01,world classic powerlifting championships
andreas nilsson #1,82.66,740.0,83,EPF,2023-03-16,european classic university powerlifting cup
andreas reiz,116.1,837.5,120,EPF,2018-11-24,european classic powerlifting championships
andres castellon,104.26,802.5,105,EPF,2024-10-05,european classic sub-junior and junior powerlifting championships
andres fernández arévalo,81.95,765.0,83,IPF,2024-08-28,world junior and sub-juniors powerlifting championships
andrew blackwood,117.07,837.5,120,EPF,2024-10-05,european classic sub-junior and junior powerlifting championships
andrew trieu,65.4,632.5,66,IPF,2024-06-15,world classic powerlifting championships
andrey inin,104.47,830.0,105,EPF,2015-03-21,1st european men's classic championships
andrey inin,113.9,822.5,120,EPF,2019-11-29,european classic powerlifting championships
andrey ivanets,103.8,810.0,105,IPF,2012-06-12,world classic powerlifting cup
andrey kostenko,65.37,605.0,66,EPF,2015-03-21,1st european men's classic championships
andré midtby,90.55,775.0,93,EPF,2018-11-24,european classic powerlifting championships
andrés castellón del campo,104.65,810.0,105,IPF,2024-08-28,world junior and sub-juniors powerlifting championships
andy mahon,104.3,800.0,105,IPF,2019-06-04,world classic powerlifting championships
anibal manuel coimbra marques,103.55,847.5,105,IPF,2012-06-12,world classic powerlifting cup
anthony harris #1,115.4,865.0,120,IPF,2016-06-19,world classic powerlifting championships
anthony mcleggan,102.8,832.5,105,IPF,2024-06-15,world classic powerlifting championships
anthony mcnaughton,104.85,862.5,105,IPF,2022-08-31,world junior classic powerlifting championships
antoine darmon,82.94,725.0,83,IPF,2023-10-31,world university powerlifting cup
antoine garcia,58.6,610.0,59,IPF,2024-06-15,world classic powerlifting championships
anton wasser,118.95,842.5,120,EPF,2022-11-25,european classic powerlifting championships
antonio pérez barros,104.04,866.0,105,EPF,2024-10-05,european classic sub-junior and junior powerlifting championships
antti kriikkula,118.95,855.0,120,EPF,2021-12-03,european classic powerlifting championships
antti savolainen,65.43,657.5,66,IPF,2018-06-06,world classic powerlifting championships
aren joy fernandes,73.8,705.0,74,IPF,2024-08-28,world junior and sub-juniors powerlifting championships
arnold veenhof,82.95,730.0,83,IPF,2023-06-11,world classic powerlifting championships
arthur hauet,65.97,597.5,66,EPF,2022-11-25,european classic powerlifting championships
artsiom savelyeu,65.6,600.0,66,EPF,2019-11-29,european classic powerlifting championships
artyom zaytsev,82.6,727.5,83,IPF,2015-06-05,world classic powerlifting championships
ashley butler #1,118.85,825.0,120,EPF,2021-12-03,european classic powerlifting championships
ashley liston,92.95,790.0,93,EPF,2019-11-29,european classic powerlifting championships
ashton rouska,102.9,940.5,105,IPF,2024-06-15,world classic powerlifting championships
austin nikolai,65.55,692.5,66,IPF,2024-08-28,world junior and sub-juniors powerlifting championships
austin perkins #1,72.75,836.0,74,IPF,2024-06-15,world classic powerlifting championships
ayumi hisatsune,58.85,587.5,59,IPF,2019-06-04,world classic powerlifting championships
ayuto nakamura,104.6,810.0,105,IPF,2024-06-15,world classic powerlifting championships
barry pigott,101.2,833.0,105,EPF,2018-11-24,european classic powerlifting championships
barry pigott,92.7,802.5,93,IPF,2019-06-04,world classic powerlifting championships
baruch sekenofsky,117.82,876.5,120,EPF,2023-12-04,european open classic powerlifting championships
ben pape,104.69,877.5,105,EPF,2023-12-04,european open classic powerlifting championships
ben wharton,112.85,852.5,120,IPF,2022-06-06,world classic powerlifting championships
benedict grant,65.7,635.0,66,IPF,2024-08-28,world junior and sub-juniors powerlifting championships
benjamin b macintyre,103.17,805.0,105,EPF,2024-10-05,european classic sub-junior and junior powerlifting championships
bjarne dücker,103.9,847.5,105,IPF,2024-08-28,world junior and sub-juniors powerlifting championships
blaine sumner,167.02,977.5,120+,IPF,2015-06-05,world classic powerlifting championships
blake barrett #1,73.85,727.5,74,IPF,2022-06-06,world classic powerlifting championships
blake lehew,73.9,735.0,74,IPF,2018-06-06,world classic powerlifting championships
bob van den boogaard,105.0,815.0,105,IPF,2023-06-11,world classic powerlifting championships
bob van den boogaard,109.0,830.0,120,EPF,2022-12-17,benelux open powerlifting tournament
bob van den boogaard,92.32,775.0,93,IPF,2017-06-14,world classic powerlifting championships
bobb matthews,105.9,970.0,120,IPF,2024-06-15,world classic powerlifting championships
bobby tan,73.94,702.5,74,IPF,2023-08-27,world junior and sub-junior classic championships
bodie lacoe,58.45,577.5,59,IPF,2024-08-28,world junior and sub-juniors powerlifting championships
boris komissarov,58.84,571.5,59,IPF,2021-09-23,world classic powerlifting championships
boris tsvetkov #1,113.0,877.5,120,EPF,2019-11-29,european classic powerlifting championships
borislav adov,92.45,817.5,93,EPF,2018-11-24,european classic powerlifting championships
brandon jones #17,92.0,845.0,93,IPF,2024-08-28,world junior and sub-juniors powerlifting championships
brandon mose,82.62,736.0,83,IPF,2016-06-19,world classic powerlifting championships
brandon pitre,92.3,887.5,93,IPF,2024-06-15,world classic powerlifting championships
brett gibbs,82.62,830.5,83,IPF,2018-06-06,world classic powerlifting championships
brian le #1,65.25,695.5,66,IPF,2023-06-11,world classic powerlifting championships
bryce krawczyk,103.3,840.0,105,IPF,2016-06-19,world classic powerlifting championships
bryce krawczyk,117.32,895.5,120,IPF,2021-09-23,world classic powerlifting championships
bryce lewis,103.2,875.5,105,IPF,2018-06-06,world classic powerlifting championships
burkit muratkhanuly,104.48,800.0,105,IPF,2017-06-14,world classic powerlifting championships
callan gibbons,91.85,767.5,93,IPF,2023-06-11,world classic powerlifting championships
cameron mckenzie,119.8,855.0,120,IPF,2016-06-19,world classic powerlifting championships
cameron st amand,104.65,800.0,105,IPF,2019-06-04,world classic powerlifting championships
carl johansson,73.75,785.5,74,IPF,2024-02-10,sheffield powerlifting championships
carl petter sommerseth,119.2,890.0,120,IPF,2022-06-06,world classic powerlifting championships
carlo calabrese,92.55,760.0,93,EPF,2022-11-25,european classic powerlifting championships
carlos petterson-grifith,92.9,875.0,93,IPF,2024-02-10,sheffield powerlifting championships
carlos santoliquido,109.9,822.5,120,IPF,2024-10-05,world classic & equipped masters powerlifting championships
cejai lindsay,104.9,825.0,105,EPF,2024-09-13,western european powerlifting championships
cenk koçak,119.46,900.0,120,IPF,2021-09-23,world classic powerlifting championships
cenk koçak,145.37,1018.0,120+,EPF,2023-12-04,european open classic powerlifting championships
chai bor ren,92.35,760.0,93,IPF,2024-06-15,world classic powerlifting championships
chance mitchell #1,92.1,878.5,93,IPF,2022-06-06,world classic powerlifting championships
charbel hage,104.1,797.5,105,IPF,2024-08-28,world junior and sub-juniors powerlifting championships
charles okpoko,65.75,705.5,66,IPF,2019-06-04,world classic powerlifting championships
charlie dickson,82.47,757.5,83,IPF,2018-06-06,world classic powerlifting championships
chido nnoli,81.8,733.0,83,EPF,2019-11-29,european classic powerlifting championships
chong eu gene,58.4,590.0,59,IPF,2024-06-15,world classic powerlifting championships
chris onuoha,91.4,760.0,93,EPF,2021-12-03,european classic powerlifting championships
christian ayandokun,82.15,747.5,83,EPF,2019-11-29,european classic powerlifting championships
christian ayandokun,92.7,860.0,93,IPF,2024-06-15,world classic powerlifting championships
christos konstantinou,73.1,705.0,74,IPF,2024-06-15,world classic powerlifting championships
chun-chia fan,73.55,770.5,74,IPF,2024-06-15,world classic powerlifting championships
cian madden,92.82,787.5,93,EPF,2023-12-04,european open classic powerlifting championships
clifton pho,64.7,657.5,66,IPF,2024-06-15,world classic powerlifting championships
clinton lee #1,73.7,752.5,74,IPF,2024-06-15,world classic powerlifting championships
clinton lee #1,81.44,730.0,83,IPF,2017-06-14,world classic powerlifting championships
colin power,116.2,825.0,120,IPF,2022-10-08,world masters classic & equipped powerlifting championships
collin yakwo,104.97,792.5,105,IPF,2024-07-23,fisu world university powerlifting championships
connor borkert,92.15,785.0,93,IPF,2019-06-04,world classic powerlifting championships
connor heim,82.45,732.5,83,IPF,2023-08-27,world junior and sub-junior classic championships
corentin clément,103.76,895.0,105,IPF,2021-09-23,world classic powerlifting championships
corentin clément,119.65,862.5,120,EPF,2019-11-29,european classic powerlifting championships
cristian trigo,81.8,782.5,83,IPF,2024-06-15,world classic powerlifting championships
dallas bey,65.9,665.0,66,IPF,2018-06-06,world classic powerlifting championships
dami fashoranti,104.34,862.5,105,EPF,2024-03-12,european open classic powerlifting championships
damian nam,82.52,787.5,83,EPF,2022-11-25,european classic powerlifting championships
daniel glavan,65.42,600.5,66,IPF,2024-07-23,fisu world university powerlifting championships
daniel harris #1,65.9,635.5,66,IPF,2024-08-28,world junior and sub-juniors powerlifting championships
daniel remulla,65.84,635.0,66,IPF,2018-06-06,world classic powerlifting championships
daniel villacampa estallo,119.25,832.5,120,IPF,2024-06-15,world classic powerlifting championships
daniele pola,117.61,830.0,120,EPF,2024-03-12,european open classic powerlifting championships
daniil ermolaev,117.15,868.0,120,EPF,2019-11-29,european classic powerlifting championships
dario milicia,73.65,720.0,74,IPF,2024-08-28,world junior and sub-juniors powerlifting championships
dariusz wszoła,58.58,577.5,59,IPF,2016-06-19,world classic powerlifting championships
david coimbra,92.64,790.0,93,IPF,2018-06-06,world classic powerlifting championships
david ricks,92.37,802.5,93,IPF,2017-06-14,world classic powerlifting championships
david woolson,92.7,830.0,93,IPF,2019-06-04,world classic powerlifting championships
dawid kawka,73.68,717.5,74,EPF,2022-11-25,european classic powerlifting championships
deamo baguga,82.88,737.5,83,IPF,2017-06-14,world classic powerlifting championships
delaney wallace,82.75,842.5,83,IPF,2024-02-10,sheffield powerlifting championships
dennis cornelius,118.98,978.5,120,IPF,2016-06-19,world classic powerlifting championships
dennis fastelli,73.5,707.5,74,IPF,2023-06-11,world classic powerlifting championships
denzel gijsbertha,91.43,775.0,93,EPF,2024-10-05,european classic sub-junior and junior powerlifting championships
derick luu,65.85,607.5,66,IPF,2023-06-11,world classic powerlifting championships
dickson giang,58.45,565.0,59,IPF,2022-08-31,world junior classic powerlifting championships
diego barquin,65.25,622.5,66,IPF,2024-08-28,world junior and sub-juniors powerlifting championships
diego octavio salgado,104.09,855.0,105,IPF,2024-07-23,fisu world university powerlifting championships
dimitris davazoglou,82.5,750.0,83,IPF,2024-08-28,world junior and sub-juniors powerlifting championships
dmitriy chebanov,65.7,627.5,66,IPF,2019-06-04,world classic powerlifting championships
dmitriy li,118.72,840.0,120,IPF,2021-09-23,world classic powerlifting championships
dmitriy likhanov,104.05,830.0,105,IPF,2012-06-12,world classic powerlifting cup
dmitro pavlenko,117.5,877.5,120,EPF,2019-11-29,european classic powerlifting championships
dmitry lihanov,103.1,853.5,105,IPF,2014-06-01,world classic powerlifting championships
dmytro biliak,74.0,707.5,74,EPF,2024-03-12,european open classic powerlifting championships
dmytro vovk,119.8,881.0,120,EPF,2019-11-29,european classic powerlifting championships
dominic tyrrell,82.45,775.0,83,IPF,2024-06-15,world classic powerlifting championships
doğukan sarı,104.4,827.5,105,IPF,2023-06-11,world classic powerlifting championships
dylan nelson #1,73.89,702.5,74,EPF,2023-12-04,european open classic powerlifting championships
dávid kulcsár,99.55,817.5,105,IPF,2019-06-04,world classic powerlifting championships
dávid kulcsár,92.27,765.0,93,IPF,2017-06-14,world classic powerlifting championships
eddie berglund,66.0,710.0,66,IPF,2022-06-06,world classic powerlifting championships
eddie berglund,73.4,742.5,74,IPF,2024-06-15,world classic powerlifting championships
edoardo mazzucchielli,82.65,793.0,83,EPF,2022-11-25,european classic powerlifting championships
eino järvisalo,104.54,795.0,105,IPF,2021-09-23,world classic powerlifting championships
eli burks,102.95,855.0,105,IPF,2019-06-04,world classic powerlifting championships
eliam tchandeu noundou,104.6,855.5,105,IPF,2024-07-23,fisu world university powerlifting championships
elias de buck,81.3,732.5,83,IPF,2023-06-11,world classic powerlifting championships
elias hanken fiskerstrand,82.42,735.0,83,EPF,2024-10-05,european classic sub-junior and junior powerlifting championships
elias kenneryd,119.6,833.0,120,IPF,2024-07-23,fisu world university powerlifting championships
eligijus greviškis,91.27,760.0,93,EPF,2022-11-25,european classic powerlifting championships
elliott sykes,72.7,766.0,74,IPF,2024-08-28,world junior and sub-juniors powerlifting championships
emil gustafsson,119.88,860.0,120,IPF,2021-09-23,world classic powerlifting championships
emil johansson,104.1,802.5,105,EPF,2023-10-10,european junior and sub-junior classic powerlifting championships
emil johansson,92.72,762.5,93,EPF,2017-03-12,european classic powerlifting championships
emil krastev,92.75,895.0,93,IPF,2024-06-15,world classic powerlifting championships
emil norling,104.8,917.5,105,EPF,2021-12-03,european classic powerlifting championships
emilio cotti cometti,82.85,780.0,83,EPF,2021-12-03,european classic powerlifting championships
enahoro asein,82.4,812.5,83,EPF,2023-12-04,european open classic powerlifting championships
enrique lugo,119.8,910.0,120,IPF,2022-06-06,world classic powerlifting championships
eric smulders,65.25,612.5,66,IPF,2022-06-06,world classic powerlifting championships
erik karlsson #1,82.2,774.0,83,IPF,2019-06-04,world classic powerlifting championships
erik mata,104.61,820.0,105,EPF,2023-12-04,european open classic powerlifting championships
erik mata,92.84,770.0,93,IPF,2021-09-23,world classic powerlifting championships
erik willis,118.85,900.0,120,IPF,2018-06-06,world classic powerlifting championships
ernst gross,104.85,840.0,105,IPF,2019-06-04,world classic powerlifting championships
etienne el chaer,119.1,958.5,120,IPF,2024-06-15,world classic powerlifting championships
etienne lited,58.48,565.0,59,IPF,2015-06-05,world classic powerlifting championships
evgeniy mukhomedyanov,58.52,570.0,59,IPF,2018-06-06,world classic powerlifting championships
fares sboui,104.5,852.5,105,IPF,2023-08-27,world junior and sub-junior classic championships
fatah toubal,81.6,797.5,83,IPF,2019-06-04,world classic powerlifting championships
federico murru,65.9,635.0,66,EPF,2024-03-12,european open classic powerlifting championships
filip lindström,104.1,817.5,105,EPF,2018-11-24,european classic powerlifting championships
filip prokeš,65.55,600.0,66,IPF,2024-08-28,world junior and sub-juniors powerlifting championships
francois maritz,118.65,865.0,120,IPF,2022-06-06,world classic powerlifting championships
frank zou,65.9,612.5,66,IPF,2016-07-11,world university powerlifting cup
franklin león,59.0,602.5,59,IPF,2019-06-04,world classic powerlifting championships
frederik danmark sinkbaek,114.84,827.5,120,EPF,2023-10-10,european junior and sub-junior classic powerlifting championships
friedrich von hennig,104.61,795.0,105,EPF,2023-12-04,european open classic powerlifting championships
friedrich von hennig,118.74,832.5,120,IPF,2021-09-23,world classic powerlifting championships
gabriele bellomo,82.85,800.0,83,IPF,2024-08-28,world junior and sub-juniors powerlifting championships
garrett blevins,104.04,871.0,105,IPF,2018-06-06,world classic powerlifting championships
gavin adin,92.92,887.0,93,IPF,2024-02-10,sheffield powerlifting championships
geir øyvind thorsen,104.5,807.5,105,EPF,2023-09-08,western european powerlifting championships
gil pinheiro,92.36,760.0,93,EPF,2014-09-26,arnold's europe powerlifting championships
glenn kofman,118.15,827.5,120,EPF,2023-09-08,western european powerlifting championships
guillaume jean marie flore,92.54,797.5,93,IPF,2024-07-23,fisu world university powerlifting championships
guillaume parisot,82.68,780.5,83,IPF,2023-10-31,world university powerlifting cup
guillermo gonzález lópez,91.2,757.5,93,EPF,2023-12-04,european open classic powerlifting championships
gustav hedlund,92.5,895.0,93,IPF,2024-06-15,world classic powerlifting championships
hamza bham,82.85,732.5,83,IPF,2022-10-31,world university powerlifting cup
hamza demir,104.9,836.5,105,IPF,2023-08-27,world junior and sub-junior classic championships
hassan el belghiti,65.61,655.0,66,IPF,2018-06-06,world classic powerlifting championships
heath graham,104.55,812.5,105,IPF,2024-08-28,world junior and sub-juniors powerlifting championships
hendrick famutimi,91.65,770.0,93,IPF,2019-06-04,world classic powerlifting championships
igor makovetskyi,103.38,810.0,105,IPF,2017-06-14,world classic powerlifting championships
ilay benita,82.6,727.5,83,IPF,2024-08-28,world junior and sub-juniors powerlifting championships
ilya marichev,58.65,588.5,59,EPF,2019-11-29,european classic powerlifting championships
ilya marichev,65.75,680.0,66,EPF,2021-12-03,european classic powerlifting championships
ilyes bentalha,92.0,777.5,93,IPF,2024-06-15,world classic powerlifting championships
imad hamich,104.68,820.0,105,EPF,2024-10-05,european classic sub-junior and junior powerlifting championships
inderraj singh dhillon,119.41,920.5,120,EPF,2023-12-04,european open classic powerlifting championships
ion calmic,92.6,807.5,93,IPF,2024-08-28,world junior and sub-juniors powerlifting championships
irun sato,82.55,735.0,83,IPF,2024-08-28,world junior and sub-juniors powerlifting championships
isaac baik,82.6,745.0,83,IPF,2019-06-04,world classic powerlifting championships
isaac whistler,119.16,827.5,120,IPF,2021-09-23,world classic powerlifting championships
isak asperud,92.58,772.5,93,EPF,2024-10-05,european classic sub-junior and junior powerlifting championships
ishtyaq nabi,58.85,582.5,59,IPF,2024-06-15,world classic powerlifting championships
israel cruz,65.5,610.0,66,IPF,2022-08-31,world junior classic powerlifting championships
ivaylo hristov,119.93,927.5,120,IPF,2015-06-05,world classic powerlifting championships
iván campano díaz,59.0,602.5,59,IPF,2023-06-11,world classic powerlifting championships
jacek spychała,82.79,755.0,83,IPF,2017-06-14,world classic powerlifting championships
jack hopkins,100.6,817.5,105,IPF,2024-08-28,world junior and sub-juniors powerlifting championships
jack hopkins,92.22,807.5,93,EPF,2023-10-10,european junior and sub-junior classic powerlifting championships
jack reynolds,82.25,770.5,83,IPF,2024-08-28,world junior and sub-juniors powerlifting championships
jack söderberg,82.65,787.5,83,IPF,2023-06-11,world classic powerlifting championships
jackson spencer,119.76,890.0,120,IPF,2018-06-06,world classic powerlifting championships
jacob nilsson #1,92.55,767.5,93,IPF,2024-08-28,world junior and sub-juniors powerlifting championships
jake allison #1,65.92,610.0,66,IPF,2018-06-06,world classic powerlifting championships
jakub bellak,82.95,757.5,83,IPF,2024-08-28,world junior and sub-juniors powerlifting championships
jakub pelikán,82.6,745.0,83,IPF,2024-08-28,world junior and sub-juniors powerlifting championships
jakub sedláček,91.59,820.0,93,IPF,2017-06-14,world classic powerlifting championships
james adcock,82.0,735.0,83,EPF,2021-12-03,european classic powerlifting championships
james adcock,92.15,807.5,93,IPF,2022-08-31,world junior classic powerlifting championships
jamie jonathan foord,104.3,828.0,105,IPF,2023-10-31,world university powerlifting cup
jamie king #1,92.45,795.0,93,IPF,2023-06-11,world classic powerlifting championships
jared martin #1,118.75,852.5,120,IPF,2015-06-05,world classic powerlifting championships
jayden edwards,118.5,902.5,120,IPF,2024-08-28,world junior and sub-juniors powerlifting championships
jens peter smalbro,119.55,847.5,120,IPF,2023-06-11,world classic powerlifting championships
jeroen van heesvelde,104.8,797.5,105,EPF,2022-12-17,benelux open powerlifting tournament
jesper vogelius,103.95,830.0,105,IPF,2024-06-15,world classic powerlifting championships
jesse moores,65.74,602.5,66,IPF,2015-06-05,world classic powerlifting championships
jesus olivares,178.2,1152.5,120+,IPF,2023-03-25,sheffield powerlifting championships
jezza uepa,184.81,1035.0,120+,IPF,2017-06-14,world classic powerlifting championships
ji hoon jeong,58.25,577.5,59,IPF,2024-06-15,world classic powerlifting championships
jimmy alcenat,92.8,770.0,93,IPF,2024-08-28,world junior and sub-juniors powerlifting championships
joakim jørgensen,92.75,757.5,93,IPF,2019-06-04,world classic powerlifting championships
jochen strubbe,119.3,862.5,120,IPF,2024-06-15,world classic powerlifting championships
jody de ruiter,92.25,757.5,93,EPF,2023-09-08,western european powerlifting championships
joel christopher catena,65.8,632.5,66,IPF,2023-06-11,world classic powerlifting championships
joel immanuel vikesland,102.6,805.0,105,IPF,2022-06-06,world classic powerlifting championships
joey awala,82.62,772.5,83,EPF,2023-10-10,european junior and sub-junior classic powerlifting championships
johannes kristensen,83.0,757.5,83,EPF,2021-12-03,european classic powerlifting championships
john haack,82.8,813.0,83,IPF,2016-06-19,world classic powerlifting championships
john paul cauchi,65.84,627.5,66,IPF,2016-06-19,world classic powerlifting championships
john wortel,92.42,767.5,93,EPF,2023-10-10,european junior and sub-junior classic powerlifting championships
jon gruden,80.35,752.5,83,IPF,2017-06-14,world classic powerlifting championships
jonah wiendieck,119.34,925.5,120,IPF,2023-08-27,world junior and sub-junior classic championships
jonas wallqvist,92.35,757.5,93,EPF,2024-09-13,western european powerlifting championships
jonathan cayco,92.65,893.0,93,IPF,2024-02-10,sheffield powerlifting championships
jonathan celis,91.9,757.5,93,IPF,2023-08-27,world junior and sub-junior classic championships
jonathan garcia #1,65.55,707.5,66,IPF,2024-06-15,world classic powerlifting championships
jonathan lewis #1,92.44,792.5,93,EPF,2024-10-05,european classic sub-junior and junior powerlifting championships
jonathan söderling,82.65,732.5,83,IPF,2019-06-04,world classic powerlifting championships
jonatán barros,58.95,585.0,59,IPF,2022-08-31,world junior classic powerlifting championships
jordi van heijningen,92.96,773.0,93,IPF,2023-08-27,world junior and sub-junior classic championships
jose manuel villarubia tordesillas,82.3,740.0,83,IPF,2024-06-15,world classic powerlifting championships
joseph akisanmi,65.95,602.5,66,IPF,2024-08-28,world junior and sub-juniors powerlifting championships
joseph diva,65.5,620.0,66,IPF,2024-06-15,world classic powerlifting championships
joseph jordan #2,65.8,697.5,66,IPF,2024-06-15,world classic powerlifting championships
joseph jordan #2,73.5,702.5,74,IPF,2023-06-11,world classic powerlifting championships
joseph walton #1,118.1,830.0,120,EPF,2019-11-29,european classic powerlifting championships
josh pearson,118.7,827.5,120,EPF,2024-10-05,european classic sub-junior and junior powerlifting championships
joshua greenfield,105.0,835.5,105,EPF,2019-11-29,european classic powerlifting championships
joshua lanivia,118.75,855.0,120,IPF,2024-06-15,world classic powerlifting championships
joshua wright #1,73.6,752.5,74,IPF,2024-06-15,world classic powerlifting championships
josé castillo #1,82.4,770.0,83,IPF,2014-06-01,world classic powerlifting championships
joël vanhevel,103.5,820.0,105,IPF,2024-06-15,world classic powerlifting championships
jules guillaume,65.61,600.0,66,IPF,2023-10-31,world university powerlifting cup
julien balangwe bakinien,92.95,822.5,93,IPF,2024-06-15,world classic powerlifting championships
jung liu,103.05,800.0,105,IPF,2023-06-11,world classic powerlifting championships
jure rus,82.16,752.5,83,IPF,2017-06-14,world classic powerlifting championships
jurins kengamu,82.65,845.0,83,IPF,2024-06-15,world classic powerlifting championships
jérémy vallerand,119.1,852.5,120,IPF,2023-08-27,world junior and sub-junior classic championships
kafui hotsonyame,82.4,770.0,83,IPF,2024-06-15,world classic powerlifting championships
kai-chieh chiang,82.05,792.5,83,IPF,2023-06-11,world classic powerlifting championships
kalin drashkov,65.97,640.0,66,EPF,2024-10-05,european classic sub-junior and junior powerlifting championships
kamo simonyan,113.75,865.0,120,IPF,2012-06-12,world classic powerlifting cup
karlo mikešić,104.57,835.0,105,EPF,2024-03-12,european open classic powerlifting championships
kasemsand senumong,65.3,707.5,66,IPF,2024-06-15,world classic powerlifting championships
kavwa sichone,65.8,642.5,66,IPF,2019-06-04,world classic powerlifting championships
kaylon godoy,119.65,860.0,120,IPF,2022-06-06,world classic powerlifting championships
keith mchoney,64.88,657.5,66,IPF,2016-06-19,world classic powerlifting championships
kelly branton,164.0,990.0,120+,IPF,2017-06-14,world classic powerlifting championships
kerry dennison,116.85,857.5,120,IPF,2023-06-11,world classic powerlifting championships
kieran gray,119.99,907.5,120,EPF,2022-11-25,european classic powerlifting championships
kjell egil bakkelund,73.55,812.5,74,IPF,2024-06-15,world classic powerlifting championships
kjell egil bakkelund,77.36,773.0,83,EPF,2017-09-23,arnold's europe powerlifting championships
knut martin haraldsen,91.85,772.5,93,EPF,2018-11-24,european classic powerlifting championships
kole metts,59.0,585.0,59,IPF,2019-06-04,world classic powerlifting championships
kolter kaarel,109.68,842.5,120,EPF,2023-10-10,european junior and sub-junior classic powerlifting championships
konstantin dunin,73.55,720.0,74,IPF,2019-06-04,world classic powerlifting championships
konstantin dunin,81.85,762.5,83,EPF,2021-12-03,european classic powerlifting championships
konstantin dyashkin,82.13,735.0,83,IPF,2017-06-14,world classic powerlifting championships
konstantin musaev,119.9,927.5,120,IPF,2021-09-23,world classic powerlifting championships
kristian eek haugen,116.4,867.5,120,IPF,2024-08-28,world junior and sub-juniors powerlifting championships
kristóf bence budai,104.84,812.5,105,EPF,2022-11-25,european classic powerlifting championships
kristóf bence budai,119.75,900.0,120,IPF,2024-06-15,world classic powerlifting championships
krzysztof wierzbicki,99.6,895.5,105,IPF,2019-01-27,reykjavík international games
krzysztof wierzbicki,92.25,847.5,93,IPF,2014-06-01,world classic powerlifting championships
kwaku antwi,92.5,827.5,93,IPF,2024-06-15,world classic powerlifting championships
kwaku nyarko,57.5,577.5,59,IPF,2024-08-28,world junior and sub-juniors powerlifting championships
kyle graham,82.2,750.0,83,IPF,2022-06-06,world classic powerlifting championships
kyle nowak #1,65.54,667.5,66,IPF,2023-08-27,world junior and sub-junior classic championships
kyota ushiyama,65.65,692.5,66,IPF,2024-06-15,world classic powerlifting championships
laurits enemark due,113.62,832.5,120,EPF,2024-10-05,european classic sub-junior and junior powerlifting championships
layne norton,91.48,798.0,93,IPF,2015-06-05,world classic powerlifting championships
leon pham,65.97,642.5,66,EPF,2024-10-05,european classic sub-junior and junior powerlifting championships
leonardo sucitra,73.6,722.5,74,IPF,2024-06-15,world classic powerlifting championships
levon tavakalov,104.84,875.0,105,IPF,2021-09-23,world classic powerlifting championships
lewis kelly,119.13,840.0,120,IPF,2024-07-23,fisu world university powerlifting championships
lewis noppers,65.6,605.0,66,IPF,2016-06-19,world classic powerlifting championships
lorenzo lupo,92.05,760.0,93,EPF,2021-12-03,european classic powerlifting championships
ls mcclain,104.56,830.0,105,IPF,2022-10-08,world masters classic & equipped powerlifting championships
ls mcclain,92.78,827.5,93,IPF,2017-06-14,world classic powerlifting championships
luca umberto angrisano,92.55,800.0,93,IPF,2024-08-28,world junior and sub-juniors powerlifting championships
lucas wiseman,118.7,900.0,120,IPF,2024-06-15,world classic powerlifting championships
luciano delorenzi,119.7,825.0,120,IPF,2023-06-11,world classic powerlifting championships
luke homer,65.4,620.0,66,IPF,2019-06-04,world classic powerlifting championships
luke richardson #1,147.25,1010.5,120+,EPF,2018-11-24,european classic powerlifting championships
luke tremblay,104.1,825.0,105,IPF,2019-06-04,world classic powerlifting championships
léoluca bruzzese,65.84,642.5,66,EPF,2024-10-05,european classic sub-junior and junior powerlifting championships
mads pedersen,82.34,742.5,83,EPF,2024-03-12,european open classic powerlifting championships
majed fallata,65.93,618.0,66,IPF,2024-07-23,fisu world university powerlifting championships
maksim beznosov,119.35,835.0,120,EPF,2021-12-03,european classic powerlifting championships
malik bernoussi triolet,92.62,808.0,93,IPF,2023-08-27,world junior and sub-junior classic championships
manson adagu,82.95,802.5,83,IPF,2024-08-28,world junior and sub-juniors powerlifting championships
mao kaneko,91.76,777.5,93,IPF,2023-10-31,world university powerlifting cup
marc rius i pecanins,91.8,805.0,93,EPF,2023-12-04,european open classic powerlifting championships
marcin goleń,104.76,847.5,105,IPF,2017-06-14,world classic powerlifting championships
marcos albaladejo castro,72.95,720.0,74,IPF,2024-08-28,world junior and sub-juniors powerlifting championships
marcos souto romero,73.9,702.5,74,IPF,2024-08-28,world junior and sub-juniors powerlifting championships
margus silbaum,104.99,805.0,105,EPF,2024-03-12,european open classic powerlifting championships
margus silbaum,108.62,840.0,120,EPF,2023-02-28,european masters classic powerlifting championships
mario magro,65.8,600.0,66,EPF,2023-10-10,european junior and sub-junior classic powerlifting championships
mario montaño camacho,92.32,760.0,93,IPF,2023-08-27,world junior and sub-junior classic championships
marios liatsis,64.8,617.5,66,IPF,2024-06-15,world classic powerlifting championships
mariusz grotkowski,65.44,600.0,66,IPF,2017-06-14,world classic powerlifting championships
mark macqueen,119.48,847.5,120,IPF,2017-06-14,world classic powerlifting championships
mark tobias,65.8,635.0,66,IPF,2019-06-04,world classic powerlifting championships
martin brester,103.96,792.5,105,EPF,2024-10-05,european classic sub-junior and junior powerlifting championships
martin hladík,82.7,742.5,83,IPF,2024-06-15,world classic powerlifting championships
mateusz grzesik,104.3,792.5,105,EPF,2016-03-05,european classic powerlifting championships
mateusz grzesik,119.5,890.0,120,EPF,2022-11-25,european classic powerlifting championships
matheus garcia costa,119.1,840.0,120,IPF,2024-06-15,world classic powerlifting championships
mats høylo kjøllesdal,115.94,830.0,120,EPF,2024-10-05,european classic sub-junior and junior powerlifting championships
matt silvey,92.52,762.5,93,IPF,2023-08-27,world junior and sub-junior classic championships
matt sohmer,119.5,858.0,120,IPF,2016-06-19,world classic powerlifting championships
matteo marzolla,103.0,810.0,105,IPF,2023-08-27,world junior and sub-junior classic championships
matteo moretto,82.1,745.0,83,IPF,2021-09-23,world classic powerlifting championships
matteo morri,73.85,702.5,74,EPF,2024-09-13,western european powerlifting championships
matthew henry #1,92.7,775.0,93,IPF,2024-06-15,world classic powerlifting championships
matthew lewis vena,92.48,772.5,93,IPF,2021-09-23,world classic powerlifting championships
matthew pond,82.75,742.5,83,IPF,2024-08-28,world junior and sub-juniors powerlifting championships
mattia perazzuolo,103.15,832.5,105,EPF,2019-11-29,european classic powerlifting championships
max mansell-rowe,82.24,732.5,83,IPF,2023-08-27,world junior and sub-junior classic championships
maximilian eisinger,82.45,740.0,83,IPF,2023-06-11,world classic powerlifting championships
maximilian heidenreich,117.06,890.5,120,EPF,2023-12-04,european open classic powerlifting championships
maxwell gyamfi,92.7,857.5,93,IPF,2024-06-15,world classic powerlifting championships
maxym potyomkin,116.9,877.5,120,IPF,2016-06-19,world classic powerlifting championships
mehdi tahmasebi boldaji,92.8,825.0,93,IPF,2023-06-11,world classic powerlifting championships
mehmet kaya,119.2,860.5,120,EPF,2018-11-24,european classic powerlifting championships
melvin conteh,100.23,815.0,105,EPF,2022-11-25,european classic powerlifting championships
michael davis #1,104.8,912.5,105,IPF,2023-03-25,sheffield powerlifting championships
michael leitner,116.14,825.0,120,EPF,2023-12-04,european open classic powerlifting championships
michael rand,104.2,820.0,105,IPF,2024-06-15,world classic powerlifting championships
michael tuchscherer,119.0,915.0,120,IPF,2014-06-01,world classic powerlifting championships
michał pacwa,91.88,762.5,93,EPF,2022-11-25,european classic powerlifting championships
micheal seay,73.55,732.5,74,IPF,2019-06-04,world classic powerlifting championships
mickael cloutier,118.23,845.0,120,IPF,2017-06-14,world classic powerlifting championships
mikael gullander,103.68,795.0,105,EPF,2017-03-12,european classic powerlifting championships
mikalai haravoi,103.2,832.5,105,EPF,2019-11-29,european classic powerlifting championships
mikalai haravoi,92.75,790.0,93,EPF,2018-11-24,european classic powerlifting championships
mikhail andryukhin,65.9,642.5,66,IPF,2014-06-01,world classic powerlifting championships
mikko muttonen,92.9,772.5,93,EPF,2022-11-25,european classic powerlifting championships
miklós fekete,92.65,767.5,93,EPF,2021-07-07,european masters powerlifting championships
mirko artosi,92.84,777.5,93,EPF,2024-03-12,european open classic powerlifting championships
mitchell fountain,102.95,832.5,105,IPF,2017-06-14,world classic powerlifting championships
mohamed bouafia,119.7,945.0,120,IPF,2014-06-01,world classic powerlifting championships
mohamed lakehal,59.0,570.0,59,IPF,2016-06-19,world classic powerlifting championships
mohamed sahad,104.4,797.5,105,IPF,2019-06-04,world classic powerlifting championships
mohamed sahad,119.25,925.0,120,IPF,2023-06-11,world classic powerlifting championships
mohammad morad niay shirjouposht,119.7,842.5,120,IPF,2023-06-11,world classic powerlifting championships
mykhaylo bulanyy,93.0,847.5,93,IPF,2014-06-01,world classic powerlifting championships
māris juzups,119.8,872.5,120,EPF,2018-11-24,european classic powerlifting championships
naoki terunuma,92.55,777.5,93,IPF,2023-06-11,world classic powerlifting championships
nathan gevao,83.0,782.5,83,IPF,2022-08-31,world junior classic powerlifting championships
nathan gevao,92.62,810.0,93,IPF,2023-08-27,world junior and sub-junior classic championships
nathaniel massiah,92.8,845.5,93,IPF,2024-08-28,world junior and sub-juniors powerlifting championships
nick manders,82.55,797.5,83,IPF,2023-06-11,world classic powerlifting championships
nick roberts #3,101.97,792.5,105,IPF,2017-06-14,world classic powerlifting championships
nick tylutki,103.79,822.5,105,IPF,2015-06-05,world classic powerlifting championships
nicola atorino,92.6,775.0,93,EPF,2023-09-08,western european powerlifting championships
nicolas peyraud,104.24,840.0,105,IPF,2021-09-23,world classic powerlifting championships
nicolas peyraud,118.8,907.5,120,IPF,2024-06-15,world classic powerlifting championships
niko lappi,92.71,792.5,93,EPF,2024-10-05,european classic sub-junior and junior powerlifting championships
nikolay zemtsov,82.42,747.5,83,IPF,2021-09-23,world classic powerlifting championships
noah nativel,65.61,617.5,66,IPF,2024-07-23,fisu world university powerlifting championships
nonso chinye,118.3,938.0,120,IPF,2024-08-28,world junior and sub-juniors powerlifting championships
novak lukić,104.02,805.0,105,EPF,2022-11-25,european classic powerlifting championships
oleksandr hanhur,102.8,810.0,105,EPF,2019-11-29,european classic powerlifting championships
oleksii titov,65.94,635.0,66,IPF,2021-09-23,world classic powerlifting championships
oleksiy vyshnytskyy,115.95,852.5,120,EPF,2018-11-24,european classic powerlifting championships
olivier vervalle,118.8,880.0,120,IPF,2022-06-06,world classic powerlifting championships
olivér susa,104.95,822.5,105,IPF,2024-08-28,world junior and sub-juniors powerlifting championships
owen hubbard,82.49,777.0,83,IPF,2018-06-06,world classic powerlifting championships
pablo anderson perez,73.3,740.0,74,IPF,2024-06-15,world classic powerlifting championships
pablo sánchez urriza,83.0,732.5,83,IPF,2023-08-27,world junior and sub-junior classic championships
paco castillo,91.27,770.0,93,EPF,2022-09-09,western european powerlifting championships
panagiotis tarinidis,65.65,707.5,66,IPF,2024-06-15,world classic powerlifting championships
pascal suckow,92.25,790.0,93,IPF,2022-06-06,world classic powerlifting championships
patrick kürzi,82.15,755.0,83,IPF,2024-06-15,world classic powerlifting championships
paul harayo,115.44,865.0,120,IPF,2023-08-27,world junior and sub-junior classic championships
paul rembauville,73.9,745.0,74,IPF,2023-06-11,world classic powerlifting championships
paul rembauville,82.06,797.5,83,EPF,2024-03-12,european open classic powerlifting championships
paul-johannes heddrich,119.05,840.0,120,IPF,2019-06-04,world classic powerlifting championships
pavel benda,118.85,823.5,120,IPF,2024-08-28,world junior and sub-juniors powerlifting championships
pavel marda,73.98,717.5,74,IPF,2016-06-19,world classic powerlifting championships
pavlo nakonechnyy,174.4,1010.5,120+,EPF,2018-11-24,european classic powerlifting championships
pedro joel aragoneses guerrero,104.03,804.5,105,EPF,2024-10-05,european classic sub-junior and junior powerlifting championships
percy covic,113.92,875.0,120,IPF,2023-08-27,world junior and sub-junior classic championships
peyton johnson #1,91.5,790.0,93,IPF,2023-08-27,world junior and sub-junior classic championships
pierre renaud,82.47,747.5,83,EPF,2022-09-09,western european powerlifting championships
pijus alisauskas,82.7,730.0,83,IPF,2023-06-11,world classic powerlifting championships
piotr sadowski #1,119.75,900.0,120,IPF,2018-06-06,world classic powerlifting championships
quentin gilbert,92.85,785.0,93,IPF,2015-06-05,world classic powerlifting championships
rait sagor,104.7,802.5,105,IPF,2015-06-05,world classic powerlifting championships
ray williams #1,181.22,1090.0,120+,IPF,2017-06-14,world classic powerlifting championships
regin sga stergakis,104.45,903.5,105,IPF,2024-08-28,world junior and sub-juniors powerlifting championships
rene brunner,104.5,800.0,105,EPF,2023-02-28,european masters classic powerlifting championships
rene caky,103.15,891.0,105,EPF,2021-12-03,european classic powerlifting championships
renzo santelices,65.9,622.5,66,IPF,2019-06-04,world classic powerlifting championships
rené hofer,92.85,785.0,93,EPF,2022-11-25,european classic powerlifting championships
riccardo angelini,73.98,705.0,74,IPF,2021-09-23,world classic powerlifting championships
riccardo montanelli eccher,104.46,795.0,105,IPF,2023-08-27,world junior and sub-junior classic championships
richard cho,73.65,705.5,74,IPF,2019-06-04,world classic powerlifting championships
richard van bezooijen,91.6,805.0,93,IPF,2024-06-15,world classic powerlifting championships
richmond baiden,92.75,830.0,93,IPF,2024-08-28,world junior and sub-juniors powerlifting championships
robert barsegyan,81.65,727.5,83,EPF,2019-11-29,european classic powerlifting championships
robin larsson,92.54,805.0,93,EPF,2023-12-04,european open classic powerlifting championships
rogerio almeida de sousa,104.15,792.5,105,IPF,2022-06-06,world classic powerlifting championships
rogerio almeida de sousa,118.75,872.5,120,IPF,2024-06-15,world classic powerlifting championships
rondel hunte,104.7,883.5,105,IPF,2018-06-06,world classic powerlifting championships
ross leppala,82.4,747.5,83,IPF,2024-10-05,world classic & equipped masters powerlifting championships
rubén fuentes medina,103.1,840.0,105,EPF,2024-03-12,european open classic powerlifting championships
rubén fuentes medina,91.53,802.5,93,EPF,2022-11-25,european classic powerlifting championships
rubén rodríguez castro,92.45,780.0,93,EPF,2021-12-03,european classic powerlifting championships
russel orhii,82.65,843.5,83,IPF,2024-06-15,world classic powerlifting championships
ryan duffield,91.3,787.5,93,EPF,2023-09-08,western european powerlifting championships
ryan j stills,119.54,850.0,120,IPF,2021-09-23,world classic powerlifting championships
ryan kiecker,92.1,770.0,93,IPF,2023-06-11,world classic powerlifting championships
ryuichiro kubota,66.0,647.5,66,IPF,2024-08-28,world junior and sub-juniors powerlifting championships
saheed aregbe,82.65,770.5,83,EPF,2024-09-13,western european powerlifting championships
sam watt,103.75,860.0,105,EPF,2019-11-29,european classic powerlifting championships
sammy aboagye-kodjoe,65.84,632.5,66,IPF,2023-08-27,world junior and sub-junior classic championships
samuel forsberg,103.3,820.0,105,IPF,2024-06-15,world classic powerlifting championships
samuel kwan,65.76,615.0,66,IPF,2023-08-27,world junior and sub-junior classic championships
sanchez dillon,104.2,867.5,105,IPF,2024-06-15,world classic powerlifting championships
santos jimenez,65.8,670.0,66,IPF,2024-06-15,world classic powerlifting championships
sascha stendebach,92.41,863.0,93,EPF,2021-09-03,western european powerlifting championships
sawyer yandell,65.14,619.0,66,IPF,2017-06-14,world classic powerlifting championships
scott jennings,82.4,745.0,83,IPF,2023-06-11,world classic powerlifting championships
sean jin,82.3,797.5,83,IPF,2022-08-31,world junior classic powerlifting championships
sean noriega,82.02,750.0,83,IPF,2017-06-14,world classic powerlifting championships
semih aygün,92.48,807.5,93,EPF,2023-10-10,european junior and sub-junior classic powerlifting championships
sen yang,104.03,817.5,105,IPF,2017-06-14,world classic powerlifting championships
sergey fedosienko,58.48,669.5,59,IPF,2016-06-19,world classic powerlifting championships
sergey gladkikh,65.96,687.5,66,IPF,2021-09-23,world classic powerlifting championships
sergey lupin,92.0,775.0,93,EPF,2017-03-12,european classic powerlifting championships
sergey skochek,65.15,632.5,66,IPF,2013-06-11,world classic powerlifting championships
shane nutt,92.0,795.0,93,IPF,2022-08-31,world junior classic powerlifting championships
siim salin,118.7,835.0,120,IPF,2024-06-15,world classic powerlifting championships
sil maris,92.4,805.0,93,IPF,2024-06-15,world classic powerlifting championships
simen johnson myrvold,83.0,748.0,83,EPF,2024-09-13,western european powerlifting championships
sofiane belkesir,104.45,837.5,105,IPF,2014-06-01,world classic powerlifting championships
sofiane belkesir,113.64,822.5,120,IPF,2018-06-06,world classic powerlifting championships
souleiman turki,82.8,765.0,83,IPF,2023-08-27,world junior and sub-junior classic championships
stanley cocker,117.29,825.0,120,IPF,2018-06-06,world classic powerlifting championships
stanley odin,159.22,990.0,120+,EPF,2023-12-04,european open classic powerlifting championships
stephen cascioli,65.93,650.0,66,IPF,2018-06-06,world classic powerlifting championships
stephen manuel,103.61,861.0,105,EPF,2016-09-23,arnold's europe powerlifting championships
stephen manuel,92.1,785.0,93,IPF,2014-06-01,world classic powerlifting championships
stephen pritchard,119.15,847.5,120,IPF,2014-06-01,world classic powerlifting championships
steven cormier,79.95,727.5,83,IPF,2024-10-05,world classic & equipped masters powerlifting championships
steven day,74.0,707.5,74,IPF,2023-06-11,world classic powerlifting championships
suradzh chebotar,65.6,620.0,66,IPF,2013-06-11,world classic powerlifting championships
szilárd bereczki-király,118.05,857.5,120,IPF,2023-06-11,world classic powerlifting championships
taiga sato,58.75,582.5,59,IPF,2022-08-31,world junior classic powerlifting championships
taiga sato,65.74,645.0,66,IPF,2023-08-27,world junior and sub-junior classic championships
talha çetin,117.02,845.0,120,IPF,2021-09-23,world classic powerlifting championships
tamás temesvári,92.83,777.5,93,EPF,2024-03-12,european open classic powerlifting championships
tanno de pender,103.68,800.0,105,IPF,2022-06-06,world classic powerlifting championships
tanno de pender,92.85,787.5,93,EPF,2019-11-29,european classic powerlifting championships
taras melnichuk,117.06,905.0,120,EPF,2024-10-05,european classic sub-junior and junior powerlifting championships
taylor atwood,73.75,790.5,74,IPF,2019-06-04,world classic powerlifting championships
temur samkharadze,160.8,1087.5,120+,IPF,2024-06-15,world classic powerlifting championships
teodor radev,92.9,792.5,93,EPF,2021-12-03,european classic powerlifting championships
tetsuo nakagawa,82.1,742.5,83,IPF,2024-06-15,world classic powerlifting championships
thomas bouyer,73.7,702.5,74,EPF,2023-10-10,european junior and sub-junior classic powerlifting championships
thomas czaplicki,82.19,765.5,83,EPF,2024-03-01,european university cup
thomas franco,92.4,772.5,93,IPF,2024-08-28,world junior and sub-juniors powerlifting championships
thomas gear,91.45,777.5,93,IPF,2022-06-06,world classic powerlifting championships
thomas johnston #5,104.82,792.5,105,IPF,2023-08-27,world junior and sub-junior classic championships
thomas jost #1,92.42,787.5,93,EPF,2024-03-12,european open classic powerlifting championships
thomas scanlon,82.4,752.5,83,IPF,2024-08-28,world junior and sub-juniors powerlifting championships
tianyu xiao,81.2,737.5,83,IPF,2024-06-15,world classic powerlifting championships
timi ogunfowokan,112.94,840.0,120,EPF,2024-10-05,european classic sub-junior and junior powerlifting championships
timo jakobi,103.26,860.0,105,EPF,2024-03-12,european open classic powerlifting championships
timothy monigatti,73.8,790.0,74,IPF,2024-06-15,world classic powerlifting championships
timothy monigatti,82.4,765.0,83,IPF,2022-06-06,world classic powerlifting championships
timur fedotov,104.95,822.5,105,IPF,2019-06-04,world classic powerlifting championships
tj gear,91.8,775.0,93,IPF,2021-09-23,world classic powerlifting championships
tom martin #1,92.8,772.5,93,IPF,2014-06-01,world classic powerlifting championships
tomi muhonen,104.45,805.0,105,IPF,2013-06-11,world classic powerlifting championships
toni johannessen amengual,104.4,881.0,105,EPF,2024-09-13,western european powerlifting championships
tony cliffe,119.5,952.5,120,IPF,2023-06-11,world classic powerlifting championships
tristan ho,65.54,642.5,66,IPF,2023-08-27,world junior and sub-junior classic championships
tristan nazelrod,119.4,865.0,120,IPF,2019-06-04,world classic powerlifting championships
tristan sunde,119.5,837.5,120,IPF,2024-08-28,world junior and sub-juniors powerlifting championships
trygve sletten,92.17,830.0,93,EPF,2024-03-12,european open classic powerlifting championships
tsung-ting hsieh,65.7,682.5,66,IPF,2019-06-04,world classic powerlifting championships
tuan-hien tran,65.62,632.5,66,IPF,2023-08-27,world junior and sub-junior classic championships
tuomas hautala,104.4,842.5,105,EPF,2021-12-03,european classic powerlifting championships
tuomas hautala,119.22,875.0,120,IPF,2015-06-05,world classic powerlifting championships
ulan anuar,82.4,795.0,83,IPF,2017-06-14,world classic powerlifting championships
uros pihler,104.35,810.0,105,IPF,2024-06-15,world classic powerlifting championships
valentin cure,82.17,726.0,83,EPF,2022-09-09,western european powerlifting championships
valentin dupuy-noel,58.35,580.0,59,IPF,2024-08-28,world junior and sub-juniors powerlifting championships
valentin fruchard,65.9,632.5,66,EPF,2024-03-12,european open classic powerlifting championships
valerio nunziata,65.14,610.0,66,EPF,2023-10-10,european junior and sub-junior classic powerlifting championships
vasyl mytsa,65.5,600.0,66,EPF,2018-11-24,european classic powerlifting championships
vid leskovar,92.65,777.5,93,EPF,2019-11-29,european classic powerlifting championships
viktor marynenko,118.35,870.0,120,EPF,2016-03-05,european classic powerlifting championships
viktor samúelsson,104.85,812.5,105,IPF,2023-06-11,world classic powerlifting championships
vladimir golubev,118.2,835.0,120,IPF,2013-06-11,world classic powerlifting championships
vladimir karaman,92.75,782.5,93,EPF,2021-12-03,european classic powerlifting championships
vladimir mbassi,104.6,859.0,105,EPF,2024-09-13,western european powerlifting championships
vladimir usynin,91.25,785.0,93,IPF,2019-06-04,world classic powerlifting championships
vladislav aksennikov,103.5,862.5,105,EPF,2019-11-29,european classic powerlifting championships
vladislav gerginov,91.1,810.0,93,EPF,2018-11-24,european classic powerlifting championships
vyacheslav shutenko,92.75,767.5,93,EPF,2016-03-05,european classic powerlifting championships
víctor vázquez hernández-carrillo,104.8,827.5,105,EPF,2021-12-03,european classic powerlifting championships
víctor vázquez hernández-carrillo,119.81,907.5,120,EPF,2024-03-12,european open classic powerlifting championships
walter cariazo,102.85,887.5,105,IPF,2024-06-15,world classic powerlifting championships
walter cariazo,91.66,775.0,93,IPF,2018-06-06,world classic powerlifting championships
wascar carpio,59.0,637.5,59,IPF,2024-06-15,world classic powerlifting championships
will hemmen,104.25,792.5,105,IPF,2019-06-04,world classic powerlifting championships
william ball #2,89.85,788.0,93,IPF,2024-08-28,world junior and sub-juniors powerlifting championships
william pickering #1,92.55,805.0,93,EPF,2021-12-03,european classic powerlifting championships
xin miao koh,65.25,637.5,66,IPF,2023-06-11,world classic powerlifting championships
yakov ionin,73.3,715.0,74,IPF,2021-09-23,world classic powerlifting championships
yakup ünal,73.92,712.5,74,IPF,2021-09-23,world classic powerlifting championships
yanis bouchou,82.6,795.0,83,IPF,2023-06-11,world classic powerlifting championships
yehia aboelnaga,106.1,870.0,120,IPF,2022-08-31,world junior classic powerlifting championships
yerlan smagulov,92.54,822.5,93,IPF,2017-06-14,world classic powerlifting championships
youssuf el adlani,104.25,850.0,105,IPF,2022-06-06,world classic powerlifting championships
youssuf el adlani,93.0,780.0,93,EPF,2019-11-29,european classic powerlifting championships
yu utsugi,73.5,710.0,74,IPF,2024-06-15,world classic powerlifting championships
yuki kashima,65.25,635.0,66,IPF,2024-06-15,world classic powerlifting championships
yuki shibuya,65.5,632.5,66,IPF,2022-06-06,world classic powerlifting championships
yulong li #1,91.2,812.5,93,IPF,2022-08-31,world junior classic powerlifting championships
yury belkin,103.56,867.5,105,IPF,2014-06-01,world classic powerlifting championships
yusuke inoue,66.0,617.5,66,IPF,2012-06-12,world classic powerlifting cup
yusuke satake,65.9,685.0,66,IPF,2024-06-15,world classic powerlifting championships
yusuke takeda,104.46,805.0,105,IPF,2018-06-06,world classic powerlifting championships
yusuke takeda,92.7,787.5,93,IPF,2024-06-15,world classic powerlifting championships
yuval ephrath,65.0,600.0,66,IPF,2024-08-28,world junior and sub-juniors powerlifting championships
yuya fujii,73.66,715.0,74,IPF,2021-09-23,world classic powerlifting championships
zach taylor #1,64.65,602.5,66,IPF,2022-08-31,world junior classic powerlifting championships
zachariah ampofo,82.61,760.0,83,EPF,2023-12-04,european open classic powerlifting championships
zakaria mouffok,103.0,817.5,105,IPF,2017-06-14,world classic powerlifting championships
zalim kuvambaev,104.9,840.0,105,IPF,2016-06-19,world classic powerlifting championships
zhi hao guo,82.44,725.0,83,IPF,2024-07-23,fisu world university powerlifting championships
álvaro fernández arcas,65.4,627.5,66,EPF,2024-03-12,european open classic powerlifting championships
álvaro pedro ponce,82.6,732.5,83,EPF,2023-12-04,european open classic powerlifting championships
áron hegedűs #1,104.6,837.5,105,IPF,2024-06-15,world classic powerlifting championships
